,epoch,steps,name,nalu,dist,param,extp,seed,op,trainloss,loss,reinits,exp
0,99,64000,nalu_simple_func,nalu__paperm,uniform,"(-3, 3)","(-5, -3)",107,div,1.32154E+04,1.53112E+00,3,ext
1,99,64000,nalu_simple_func,nalu__paperm,normal,"(-3, 3)","(3, 4)",109,add,1.07059E+01,INF,3,ext
2,99,64000,nalu_simple_func,nalui2,normal,"(-3, 3)","(3, 4)",109,mul,2.62462E-11,3.78010E-05,0,ext
3,99,64000,nalu_simple_func,nalui1,uniform,"(-3, 3)","(-5, -3)",108,add,2.34235E-12,3.48708E-10,0,ext
4,99,64000,nalu_simple_func,nalu__paperv,uniform,"(-3, 3)","(-5, -3)",107,div,4.42063E+02,3.48778E+00,1,ext
5,99,64000,nalu_simple_func,nalu__paperm,normal,"(-3, 3)","(3, 4)",103,sub,1.19098E+01,INF,3,ext
6,99,64000,nalu_simple_func,nalui1,uniform,"(-3, 3)","(-5, -3)",102,mul,4.79413E-10,7.15176E-05,0,ext
7,99,64000,nalu_simple_func,nalu__paperm,uniform,"(-3, 3)","(-5, -3)",103,div,2.24476E+01,5.18086E+00,9,ext
8,99,64000,nalu_simple_func,nalui1,normal,"(-3, 3)","(3, 4)",104,mul,5.33507E-11,5.67988E-05,0,ext
9,99,64000,nalu_simple_func,nalu__paperv,uniform,"(-3, 3)","(-5, -3)",105,add,2.00836E+02,9.50134E+04,4,ext
10,99,64000,nalu_simple_func,nalui2,normal,"(-3, 3)","(3, 4)",106,div,1.00056E+02,1.66924E-01,9,ext
11,99,64000,nalu_simple_func,nalui1,normal,"(-3, 3)","(3, 4)",108,sub,3.94910E-13,6.81757E-12,0,ext
12,99,64000,nalu_simple_func,nalui1,uniform,"(-3, 3)","(-5, -3)",103,mul,1.25142E-09,9.09301E-05,0,ext
13,99,64000,nalu_simple_func,nalui1,uniform,"(-3, 3)","(-5, -3)",103,sub,1.69710E-12,4.05598E-11,0,ext
14,99,64000,nalu_simple_func,nalui2,normal,"(-3, 3)","(3, 4)",101,mul,1.73002E-11,3.21991E-05,0,ext
15,99,64000,nalu_simple_func,nalu__paperm,uniform,"(-3, 3)","(-5, -3)",102,mul,1.46479E+04,4.19749E+08,9,ext
16,99,64000,nalu_simple_func,nalui1,normal,"(-3, 3)","(3, 4)",108,mul,2.01324E-11,2.63238E-05,0,ext
17,99,64000,nalu_simple_func,nalui1,uniform,"(-3, 3)","(-5, -3)",105,mul,4.97620E-10,4.77335E-05,0,ext
18,99,64000,nalu_simple_func,nalui2,uniform,"(-3, 3)","(-5, -3)",107,mul,3.44423E-10,4.23727E-05,0,ext
19,99,64000,nalu_simple_func,nalui2,uniform,"(-3, 3)","(-5, -3)",100,div,3.21473E+01,4.40549E+00,9,ext
20,99,64000,nalu_simple_func,nalu__paperv,uniform,"(-3, 3)","(-5, -3)",106,sub,8.61761E+01,5.37146E+10,5,ext
21,99,64000,nalu_simple_func,nalui2,uniform,"(-3, 3)","(-5, -3)",103,sub,1.65962E-12,3.16168E-11,0,ext
22,99,64000,nalu_simple_func,nalui1,normal,"(-3, 3)","(3, 4)",106,sub,3.29775E-03,9.37545E-02,1,ext
23,99,64000,nalu_simple_func,nalu__paperm,normal,"(-3, 3)","(3, 4)",107,sub,2.17742E+01,3.34775E+26,6,ext
24,99,64000,nalu_simple_func,nalu__paperv,normal,"(-3, 3)","(3, 4)",106,mul,1.08561E+03,NAN,3,ext
25,99,64000,nalu_simple_func,nalu__paperv,uniform,"(-3, 3)","(-5, -3)",108,div,7.35254E+01,3.15815E+00,6,ext
26,99,64000,nalu_simple_func,nalui1,normal,"(-3, 3)","(3, 4)",109,add,5.42733E-13,2.79790E-10,0,ext
27,99,64000,nalu_simple_func,nalui1,uniform,"(-3, 3)","(-5, -3)",108,mul,1.04132E+04,3.52688E+08,9,ext
28,99,64000,nalu_simple_func,nalu__paperv,normal,"(-3, 3)","(3, 4)",105,sub,2.87874E+01,INF,3,ext
29,99,64000,nalu_simple_func,nalu__paperm,normal,"(-3, 3)","(3, 4)",104,sub,3.71082E+01,INF,5,ext
30,99,64000,nalu_simple_func,nalui2,uniform,"(-3, 3)","(-5, -3)",107,add,1.44669E-12,2.85145E-10,0,ext
31,99,64000,nalu_simple_func,nalui2,normal,"(-3, 3)","(3, 4)",101,sub,4.18249E-13,7.42402E-11,0,ext
32,99,64000,nalu_simple_func,nalu__paperv,normal,"(-3, 3)","(3, 4)",107,div,2.71416E+02,1.54301E+14,4,ext
33,99,64000,nalu_simple_func,nalu__paperv,uniform,"(-3, 3)","(-5, -3)",100,add,2.27571E+02,1.07944E+05,9,ext
34,99,64000,nalu_simple_func,nalu__paperm,normal,"(-3, 3)","(3, 4)",102,div,4.01669E+01,4.14661E-02,2,ext
35,99,64000,nalu_simple_func,nalu__paperv,uniform,"(-3, 3)","(-5, -3)",108,add,3.67009E+04,9.03257E+04,9,ext
36,99,64000,nalu_simple_func,nalu__paperm,uniform,"(-3, 3)","(-5, -3)",102,sub,2.08948E+02,NAN,9,ext
37,99,64000,nalu_simple_func,nalu__paperm,normal,"(-3, 3)","(3, 4)",107,mul,1.19940E+03,INF,4,ext
38,99,64000,nalu_simple_func,nalui2,normal,"(-3, 3)","(3, 4)",104,sub,5.86628E-13,3.00397E-11,0,ext
39,99,64000,nalu_simple_func,nalui2,normal,"(-3, 3)","(3, 4)",102,mul,3.11365E-11,2.72997E-05,0,ext
40,99,64000,nalu_simple_func,nalu__paperm,uniform,"(-3, 3)","(-5, -3)",104,sub,3.35789E+02,NAN,7,ext
41,99,64000,nalu_simple_func,nalu__paperm,uniform,"(-3, 3)","(-5, -3)",100,div,1.38022E+01,8.08550E-01,7,ext
42,99,64000,nalu_simple_func,nalu__paperv,normal,"(-3, 3)","(3, 4)",109,add,1.41916E+01,NAN,1,ext
43,99,64000,nalu_simple_func,nalu__paperv,uniform,"(-3, 3)","(-5, -3)",104,mul,1.18083E+04,4.84597E+08,9,ext
44,99,64000,nalu_simple_func,nalu__paperv,normal,"(-3, 3)","(3, 4)",100,sub,6.71079E+00,8.91182E+02,2,ext
45,99,64000,nalu_simple_func,nalu__paperv,normal,"(-3, 3)","(3, 4)",104,add,1.83046E+01,9.99986E+03,1,ext
46,99,64000,nalu_simple_func,nalui2,normal,"(-3, 3)","(3, 4)",101,add,7.98361E-13,2.46378E-10,0,ext
47,99,64000,nalu_simple_func,nalui1,normal,"(-3, 3)","(3, 4)",104,add,6.37579E-13,3.56449E-10,0,ext
48,99,64000,nalu_simple_func,nalui2,uniform,"(-3, 3)","(-5, -3)",107,sub,1.34054E-12,3.05718E-11,0,ext
49,99,64000,nalu_simple_func,nalu__paperv,uniform,"(-3, 3)","(-5, -3)",106,div,4.77829E+01,4.64419E+00,6,ext
50,99,64000,nalu_simple_func,nalu__paperv,uniform,"(-3, 3)","(-5, -3)",106,add,1.89331E+02,4.17288E+04,9,ext
51,99,64000,nalu_simple_func,nalu__paperm,normal,"(-3, 3)","(3, 4)",104,mul,6.05658E+02,6.28779E+05,3,ext
52,99,64000,nalu_simple_func,nalu__paperm,uniform,"(-3, 3)","(-5, -3)",105,mul,1.13934E+04,2.31454E+08,9,ext
53,99,64000,nalu_simple_func,nalu__paperm,normal,"(-3, 3)","(3, 4)",108,div,2.07575E+02,INF,2,ext
54,99,64000,nalu_simple_func,nalu__paperm,uniform,"(-3, 3)","(-5, -3)",107,mul,8.93727E+03,4.10110E+08,9,ext
55,99,64000,nalu_simple_func,nalu__paperv,uniform,"(-3, 3)","(-5, -3)",106,mul,1.25967E+05,3.80359E+08,7,ext
56,99,64000,nalu_simple_func,nalu__paperv,uniform,"(-3, 3)","(-5, -3)",102,mul,1.53377E+04,1.66899E+08,7,ext
57,99,64000,nalu_simple_func,nalui1,uniform,"(-3, 3)","(-5, -3)",101,add,1.87215E-12,3.07817E-10,0,ext
58,99,64000,nalu_simple_func,nalu__paperm,normal,"(-3, 3)","(3, 4)",102,add,6.02314E+00,NAN,1,ext
59,99,64000,nalu_simple_func,nalui1,normal,"(-3, 3)","(3, 4)",101,mul,1.16322E-10,4.28597E-05,0,ext
60,99,64000,nalu_simple_func,nalui2,uniform,"(-3, 3)","(-5, -3)",109,add,1.39337E-12,2.19341E-10,0,ext
61,99,64000,nalu_simple_func,nalui2,uniform,"(-3, 3)","(-5, -3)",106,mul,2.07798E-10,4.93686E-05,0,ext
62,99,64000,nalu_simple_func,nalu__paperv,uniform,"(-3, 3)","(-5, -3)",107,mul,1.01955E+04,2.69314E+08,9,ext
63,99,64000,nalu_simple_func,nalui1,normal,"(-3, 3)","(3, 4)",105,div,1.80313E+01,1.72897E+04,9,ext
64,99,64000,nalu_simple_func,nalui1,uniform,"(-3, 3)","(-5, -3)",104,add,2.41266E-12,3.69750E-10,0,ext
65,99,64000,nalu_simple_func,nalu__paperm,uniform,"(-3, 3)","(-5, -3)",106,sub,2.20509E+02,1.16867E+04,9,ext
66,99,64000,nalu_simple_func,nalu__paperv,normal,"(-3, 3)","(3, 4)",108,add,2.87137E+01,NAN,1,ext
67,99,64000,nalu_simple_func,nalui1,uniform,"(-3, 3)","(-5, -3)",100,add,2.33062E-12,3.74624E-10,0,ext
68,99,64000,nalu_simple_func,nalui2,normal,"(-3, 3)","(3, 4)",102,add,3.22662E-13,8.04939E-11,0,ext
69,99,64000,nalu_simple_func,nalu__paperv,uniform,"(-3, 3)","(-5, -3)",101,div,1.79069E+02,4.43360E+00,1,ext
70,99,64000,nalu_simple_func,nalui2,uniform,"(-3, 3)","(-5, -3)",101,add,1.54202E-12,2.63652E-10,0,ext
71,99,64000,nalu_simple_func,nalui2,uniform,"(-3, 3)","(-5, -3)",109,sub,7.16914E-04,3.36586E-11,0,ext
72,99,64000,nalu_simple_func,nalu__paperm,normal,"(-3, 3)","(3, 4)",106,sub,1.93668E+01,INF,1,ext
73,99,64000,nalu_simple_func,nalu__paperm,uniform,"(-3, 3)","(-5, -3)",107,sub,2.13461E+02,1.27879E+04,5,ext
74,99,64000,nalu_simple_func,nalu__paperv,normal,"(-3, 3)","(3, 4)",104,mul,8.20086E+02,NAN,2,ext
75,99,64000,nalu_simple_func,nalui2,normal,"(-3, 3)","(3, 4)",104,add,6.19525E-13,2.30153E-10,0,ext
76,99,64000,nalu_simple_func,nalu__paperm,normal,"(-3, 3)","(3, 4)",101,div,1.14562E+03,INF,4,ext
77,99,64000,nalu_simple_func,nalui2,normal,"(-3, 3)","(3, 4)",100,add,5.67221E-01,1.86380E+03,0,ext
78,99,64000,nalu_simple_func,nalu__paperv,normal,"(-3, 3)","(3, 4)",102,div,7.30385E+02,2.09396E+03,2,ext
79,99,64000,nalu_simple_func,nalui2,uniform,"(-3, 3)","(-5, -3)",105,sub,1.31065E-12,2.12149E-11,0,ext
80,99,64000,nalu_simple_func,nalui2,uniform,"(-3, 3)","(-5, -3)",100,mul,4.75482E-10,5.49739E-05,0,ext
81,99,64000,nalu_simple_func,nalu__paperm,uniform,"(-3, 3)","(-5, -3)",102,div,8.39487E+01,6.30660E-01,9,ext
82,99,64000,nalu_simple_func,nalu__paperv,uniform,"(-3, 3)","(-5, -3)",105,sub,1.57582E+02,1.78639E+04,7,ext
83,99,64000,nalu_simple_func,nalu__paperm,normal,"(-3, 3)","(3, 4)",107,div,1.77265E+01,1.45710E+29,3,ext
84,99,64000,nalu_simple_func,nalu__paperv,normal,"(-3, 3)","(3, 4)",109,sub,4.51097E+01,INF,2,ext
85,99,64000,nalu_simple_func,nalu__paperm,uniform,"(-3, 3)","(-5, -3)",105,sub,8.77741E+08,1.18089E+04,6,ext
86,99,64000,nalu_simple_func,nalu__paperm,normal,"(-3, 3)","(3, 4)",108,mul,9.03449E+02,3.21791E+08,2,ext
87,99,64000,nalu_simple_func,nalui1,normal,"(-3, 3)","(3, 4)",104,div,4.64836E+01,6.21410E+00,9,ext
88,99,64000,nalu_simple_func,nalu__paperm,normal,"(-3, 3)","(3, 4)",109,mul,9.77540E+02,INF,3,ext
89,99,64000,nalu_simple_func,nalui2,normal,"(-3, 3)","(3, 4)",107,div,2.16419E+02,5.26642E-01,9,ext
90,99,64000,nalu_simple_func,nalu__paperv,normal,"(-3, 3)","(3, 4)",106,sub,1.25866E+01,5.33154E+04,3,ext
91,99,64000,nalu_simple_func,nalui1,uniform,"(-3, 3)","(-5, -3)",102,add,1.59116E-12,3.57410E-10,0,ext
92,99,64000,nalu_simple_func,nalui1,normal,"(-3, 3)","(3, 4)",106,mul,6.07732E-11,2.52848E-05,0,ext
93,99,64000,nalu_simple_func,nalui1,uniform,"(-3, 3)","(-5, -3)",108,sub,1.61561E-12,3.88181E-11,0,ext
94,99,64000,nalu_simple_func,nalui2,normal,"(-3, 3)","(3, 4)",108,sub,3.46513E-13,7.56745E-12,0,ext
95,99,64000,nalu_simple_func,nalu__paperm,normal,"(-3, 3)","(3, 4)",105,add,NAN,NAN,1,ext
96,99,64000,nalu_simple_func,nalui2,uniform,"(-3, 3)","(-5, -3)",103,div,3.83799E+02,5.54851E+00,9,ext
97,99,64000,nalu_simple_func,nalu__paperm,uniform,"(-3, 3)","(-5, -3)",106,mul,7.65554E+04,5.75386E+08,8,ext
98,99,64000,nalu_simple_func,nalui2,normal,"(-3, 3)","(3, 4)",103,div,1.41540E+03,1.60786E+03,9,ext
99,99,64000,nalu_simple_func,nalui2,normal,"(-3, 3)","(3, 4)",107,add,7.15096E-13,2.45262E-10,0,ext
100,99,64000,nalu_simple_func,nalui1,normal,"(-3, 3)","(3, 4)",109,mul,4.36408E-11,2.55777E-05,0,ext
101,99,64000,nalu_simple_func,nalui1,normal,"(-3, 3)","(3, 4)",101,sub,1.38165E-04,9.48307E-04,1,ext
102,99,64000,nalu_simple_func,nalu__paperv,uniform,"(-3, 3)","(-5, -3)",104,sub,1.59045E+02,2.12260E+03,9,ext
103,99,64000,nalu_simple_func,nalui2,normal,"(-3, 3)","(3, 4)",109,div,1.08819E+03,5.65120E+00,9,ext
104,99,64000,nalu_simple_func,nalu__paperv,uniform,"(-3, 3)","(-5, -3)",103,div,1.22979E+04,3.82165E+00,5,ext
105,99,64000,nalu_simple_func,nalui1,normal,"(-3, 3)","(3, 4)",100,sub,4.33720E-03,2.48804E-01,1,ext
106,99,64000,nalu_simple_func,nalu__paperm,uniform,"(-3, 3)","(-5, -3)",106,add,2.34015E+02,9.00011E+04,1,ext
107,99,64000,nalu_simple_func,nalui2,normal,"(-3, 3)","(3, 4)",109,add,5.62078E-13,2.64263E-10,0,ext
108,99,64000,nalu_simple_func,nalui1,normal,"(-3, 3)","(3, 4)",108,div,1.15985E+02,1.73956E+00,9,ext
109,99,64000,nalu_simple_func,nalu__paperv,normal,"(-3, 3)","(3, 4)",101,add,1.88636E+00,NAN,1,ext
110,99,64000,nalu_simple_func,nalu__paperm,uniform,"(-3, 3)","(-5, -3)",109,sub,1.88770E+02,1.29790E+04,8,ext
111,99,64000,nalu_simple_func,nalui2,uniform,"(-3, 3)","(-5, -3)",105,mul,8.42847E-10,7.86820E-05,0,ext
112,99,64000,nalu_simple_func,nalu__paperv,normal,"(-3, 3)","(3, 4)",107,mul,9.76251E+02,NAN,1,ext
113,99,64000,nalu_simple_func,nalu__paperv,uniform,"(-3, 3)","(-5, -3)",100,mul,5.14374E+03,4.82330E+08,9,ext
114,99,64000,nalu_simple_func,nalu__paperm,uniform,"(-3, 3)","(-5, -3)",105,div,9.81664E+01,5.73758E-01,6,ext
115,99,64000,nalu_simple_func,nalu__paperv,normal,"(-3, 3)","(3, 4)",104,sub,3.69354E+01,NAN,2,ext
116,99,64000,nalu_simple_func,nalu__paperm,normal,"(-3, 3)","(3, 4)",101,sub,6.97673E+00,INF,6,ext
117,99,64000,nalu_simple_func,nalui2,uniform,"(-3, 3)","(-5, -3)",105,div,2.39629E+02,7.77363E+00,9,ext
118,99,64000,nalu_simple_func,nalui1,uniform,"(-3, 3)","(-5, -3)",109,add,1.44451E-12,3.21175E-10,0,ext
119,99,64000,nalu_simple_func,nalui1,normal,"(-3, 3)","(3, 4)",101,add,5.07028E-13,3.13317E-10,0,ext
120,99,64000,nalu_simple_func,nalu__paperm,uniform,"(-3, 3)","(-5, -3)",109,mul,7.56715E+03,3.79935E+08,8,ext
121,99,64000,nalu_simple_func,nalui1,uniform,"(-3, 3)","(-5, -3)",106,sub,1.62021E-12,4.01924E-11,0,ext
122,99,64000,nalu_simple_func,nalu__paperv,uniform,"(-3, 3)","(-5, -3)",100,sub,1.98698E+02,1.01211E+04,8,ext
123,99,64000,nalu_simple_func,nalu__paperv,uniform,"(-3, 3)","(-5, -3)",102,div,3.11995E+02,2.07182E+00,9,ext
124,99,64000,nalu_simple_func,nalu__paperm,normal,"(-3, 3)","(3, 4)",104,div,3.61924E+01,INF,3,ext
125,99,64000,nalu_simple_func,nalu__paperm,normal,"(-3, 3)","(3, 4)",107,add,3.88129E-01,INF,1,ext
126,99,64000,nalu_simple_func,nalui1,uniform,"(-3, 3)","(-5, -3)",101,div,7.19805E+01,2.35328E+00,9,ext
127,99,64000,nalu_simple_func,nalu__paperm,uniform,"(-3, 3)","(-5, -3)",107,add,2.60658E+02,7.21161E+04,8,ext
128,99,64000,nalu_simple_func,nalui1,normal,"(-3, 3)","(3, 4)",105,mul,3.54061E-11,2.63660E-05,0,ext
129,99,64000,nalu_simple_func,nalui2,normal,"(-3, 3)","(3, 4)",104,div,3.83114E+01,1.34343E+12,9,ext
130,99,64000,nalu_simple_func,nalui2,uniform,"(-3, 3)","(-5, -3)",104,add,2.79433E-12,3.11687E-10,0,ext
131,99,64000,nalu_simple_func,nalu__paperm,normal,"(-3, 3)","(3, 4)",105,div,3.11379E+01,8.52326E+23,2,ext
132,99,64000,nalu_simple_func,nalu__paperm,normal,"(-3, 3)","(3, 4)",106,mul,7.09556E+02,INF,1,ext
133,99,64000,nalu_simple_func,nalu__paperm,uniform,"(-3, 3)","(-5, -3)",104,mul,1.36516E+04,4.43685E+08,9,ext
134,99,64000,nalu_simple_func,nalu__paperv,normal,"(-3, 3)","(3, 4)",105,mul,8.93769E+02,INF,3,ext
135,99,64000,nalu_simple_func,nalui1,normal,"(-3, 3)","(3, 4)",103,mul,4.56431E-11,4.25250E-05,0,ext
136,99,64000,nalu_simple_func,nalui1,uniform,"(-3, 3)","(-5, -3)",100,div,1.44133E+01,2.01275E+00,9,ext
137,99,64000,nalu_simple_func,nalu__paperm,uniform,"(-3, 3)","(-5, -3)",103,add,2.20249E+02,9.00319E+04,9,ext
138,99,64000,nalu_simple_func,nalui1,normal,"(-3, 3)","(3, 4)",109,sub,3.61812E-04,2.99942E-03,1,ext
139,99,64000,nalu_simple_func,nalui1,uniform,"(-3, 3)","(-5, -3)",107,add,1.98824E-12,3.63259E-10,0,ext
140,99,64000,nalu_simple_func,nalu__paperv,normal,"(-3, 3)","(3, 4)",109,mul,1.85122E+03,INF,2,ext
141,99,64000,nalu_simple_func,nalu__paperm,normal,"(-3, 3)","(3, 4)",100,mul,8.62616E+02,INF,3,ext
142,99,64000,nalu_simple_func,nalu__paperv,normal,"(-3, 3)","(3, 4)",102,mul,1.18511E+03,NAN,1,ext
143,99,64000,nalu_simple_func,nalu__paperv,normal,"(-3, 3)","(3, 4)",108,div,7.58995E+01,INF,2,ext
144,99,64000,nalu_simple_func,nalu__paperv,uniform,"(-3, 3)","(-5, -3)",102,sub,1.41861E+02,2.13729E+04,9,ext
145,99,64000,nalu_simple_func,nalu__paperm,normal,"(-3, 3)","(3, 4)",105,sub,1.98532E+01,INF,1,ext
146,99,64000,nalu_simple_func,nalui1,normal,"(-3, 3)","(3, 4)",102,add,5.63923E-13,1.68744E-10,0,ext
147,99,64000,nalu_simple_func,nalui2,uniform,"(-3, 3)","(-5, -3)",106,div,6.59586E+02,4.35217E+00,9,ext
148,99,64000,nalu_simple_func,nalui2,uniform,"(-3, 3)","(-5, -3)",109,mul,6.57748E-10,4.32571E-05,0,ext
149,99,64000,nalu_simple_func,nalu__paperv,normal,"(-3, 3)","(3, 4)",101,sub,7.84776E+00,1.10314E+05,1,ext
150,99,64000,nalu_simple_func,nalui1,uniform,"(-3, 3)","(-5, -3)",102,sub,1.24009E-12,2.43808E-11,0,ext
151,99,64000,nalu_simple_func,nalu__paperv,uniform,"(-3, 3)","(-5, -3)",103,sub,2.01113E+02,8.28278E+03,7,ext
152,99,64000,nalu_simple_func,nalui2,uniform,"(-3, 3)","(-5, -3)",108,add,2.95769E-05,3.01792E-10,0,ext
153,99,64000,nalu_simple_func,nalui2,uniform,"(-3, 3)","(-5, -3)",106,sub,1.67644E-12,2.37592E-11,0,ext
154,99,64000,nalu_simple_func,nalu__paperv,normal,"(-3, 3)","(3, 4)",106,add,1.88761E+01,NAN,1,ext
155,99,64000,nalu_simple_func,nalu__paperm,uniform,"(-3, 3)","(-5, -3)",108,mul,1.21602E+04,1.94472E+13,9,ext
156,99,64000,nalu_simple_func,nalu__paperv,uniform,"(-3, 3)","(-5, -3)",105,mul,1.04485E+04,3.68851E+08,9,ext
157,99,64000,nalu_simple_func,nalu__paperm,uniform,"(-3, 3)","(-5, -3)",101,add,1.37301E+02,9.25436E+04,2,ext
158,99,64000,nalu_simple_func,nalui1,uniform,"(-3, 3)","(-5, -3)",104,mul,3.83761E+03,1.72414E+08,9,ext
159,99,64000,nalu_simple_func,nalui2,uniform,"(-3, 3)","(-5, -3)",102,sub,1.21908E-12,2.81516E-11,0,ext
160,99,64000,nalu_simple_func,nalu__paperv,normal,"(-3, 3)","(3, 4)",102,sub,4.70874E+01,6.67362E+31,8,ext
161,99,64000,nalu_simple_func,nalu__paperm,normal,"(-3, 3)","(3, 4)",106,div,1.06125E+02,1.36550E+28,1,ext
162,99,64000,nalu_simple_func,nalu__paperm,uniform,"(-3, 3)","(-5, -3)",103,sub,2.78355E+02,7.76645E+03,9,ext
163,99,64000,nalu_simple_func,nalu__paperv,normal,"(-3, 3)","(3, 4)",101,div,7.09466E+01,2.01934E+33,4,ext
164,99,64000,nalu_simple_func,nalui2,normal,"(-3, 3)","(3, 4)",103,sub,9.49383E-13,2.45218E-11,0,ext
165,99,64000,nalu_simple_func,nalui2,uniform,"(-3, 3)","(-5, -3)",107,div,7.60427E+01,7.24623E+00,9,ext
166,99,64000,nalu_simple_func,nalui2,normal,"(-3, 3)","(3, 4)",103,mul,5.89277E-11,2.41558E-05,0,ext
167,99,64000,nalu_simple_func,nalui1,uniform,"(-3, 3)","(-5, -3)",105,div,8.04399E+02,3.47311E+00,9,ext
168,99,64000,nalu_simple_func,nalui1,normal,"(-3, 3)","(3, 4)",101,div,6.43460E+03,2.21327E+02,9,ext
169,99,64000,nalu_simple_func,nalui2,uniform,"(-3, 3)","(-5, -3)",100,sub,2.52448E-12,1.99418E-11,0,ext
170,99,64000,nalu_simple_func,nalui1,uniform,"(-3, 3)","(-5, -3)",103,div,5.09068E+03,4.30079E+00,9,ext
171,99,64000,nalu_simple_func,nalu__paperv,uniform,"(-3, 3)","(-5, -3)",101,mul,8.28621E+03,2.99123E+08,5,ext
172,99,64000,nalu_simple_func,nalu__paperv,uniform,"(-3, 3)","(-5, -3)",102,add,2.26724E+06,8.66701E+04,8,ext
173,99,64000,nalu_simple_func,nalui2,normal,"(-3, 3)","(3, 4)",105,sub,4.72311E-01,2.32437E+02,0,ext
174,99,64000,nalu_simple_func,nalui2,normal,"(-3, 3)","(3, 4)",105,add,5.03056E-13,2.68308E-10,0,ext
175,99,64000,nalu_simple_func,nalu__paperm,normal,"(-3, 3)","(3, 4)",101,mul,1.13845E+03,INF,2,ext
176,99,64000,nalu_simple_func,nalui1,uniform,"(-3, 3)","(-5, -3)",104,div,2.02490E+01,2.62442E+00,9,ext
177,99,64000,nalu_simple_func,nalu__paperm,uniform,"(-3, 3)","(-5, -3)",104,div,3.71928E+01,4.22101E+00,1,ext
178,99,64000,nalu_simple_func,nalu__paperv,uniform,"(-3, 3)","(-5, -3)",107,sub,2.81609E+05,1.16859E+04,8,ext
179,99,64000,nalu_simple_func,nalu__paperv,uniform,"(-3, 3)","(-5, -3)",103,add,1.54630E+02,7.27771E+04,9,ext
180,99,64000,nalu_simple_func,nalu__paperm,uniform,"(-3, 3)","(-5, -3)",109,add,2.18008E+02,7.14092E+04,3,ext
181,99,64000,nalu_simple_func,nalu__paperm,uniform,"(-3, 3)","(-5, -3)",100,sub,2.52316E+02,6.43522E+03,7,ext
182,99,64000,nalu_simple_func,nalui1,normal,"(-3, 3)","(3, 4)",102,div,2.45728E+02,8.92441E+02,9,ext
183,99,64000,nalu_simple_func,nalu__paperm,normal,"(-3, 3)","(3, 4)",108,sub,1.76504E+01,INF,3,ext
184,99,64000,nalu_simple_func,nalui2,uniform,"(-3, 3)","(-5, -3)",101,div,5.04078E+01,1.00579E+00,9,ext
185,99,64000,nalu_simple_func,nalu__paperm,uniform,"(-3, 3)","(-5, -3)",108,div,5.65338E+01,2.13157E+00,5,ext
186,99,64000,nalu_simple_func,nalu__paperv,normal,"(-3, 3)","(3, 4)",104,div,1.88931E+01,INF,2,ext
187,99,64000,nalu_simple_func,nalui1,uniform,"(-3, 3)","(-5, -3)",106,add,1.73846E-12,3.60946E-10,0,ext
188,99,64000,nalu_simple_func,nalui1,uniform,"(-3, 3)","(-5, -3)",104,sub,1.57487E-12,7.73980E-11,0,ext
189,99,64000,nalu_simple_func,nalu__paperm,uniform,"(-3, 3)","(-5, -3)",101,div,3.96439E+02,3.03793E+00,3,ext
190,99,64000,nalu_simple_func,nalu__paperv,normal,"(-3, 3)","(3, 4)",108,mul,8.08284E+02,NAN,3,ext
191,99,64000,nalu_simple_func,nalu__paperv,uniform,"(-3, 3)","(-5, -3)",105,div,5.40885E+01,7.15605E-01,6,ext
192,99,64000,nalu_simple_func,nalui2,uniform,"(-3, 3)","(-5, -3)",103,mul,6.52069E-10,6.77775E-05,0,ext
193,99,64000,nalu_simple_func,nalui2,uniform,"(-3, 3)","(-5, -3)",102,add,1.47821E-12,2.50278E-10,0,ext
194,99,64000,nalu_simple_func,nalu__paperv,uniform,"(-3, 3)","(-5, -3)",109,sub,9.88226E+01,8.57505E+03,1,ext
195,99,64000,nalu_simple_func,nalui1,normal,"(-3, 3)","(3, 4)",107,div,2.12339E+02,2.19747E+02,9,ext
196,99,64000,nalu_simple_func,nalu__paperm,normal,"(-3, 3)","(3, 4)",108,add,2.55908E+00,NAN,1,ext
197,99,64000,nalu_simple_func,nalu__paperm,normal,"(-3, 3)","(3, 4)",103,div,5.64424E+02,4.13229E+02,5,ext
198,99,64000,nalu_simple_func,nalui2,uniform,"(-3, 3)","(-5, -3)",100,add,8.93761E-13,2.83035E-10,0,ext
199,99,64000,nalu_simple_func,nalui2,normal,"(-3, 3)","(3, 4)",108,add,1.07937E+00,1.30760E+04,0,ext
200,99,64000,nalu_simple_func,nalui1,normal,"(-3, 3)","(3, 4)",107,sub,8.75377E-04,7.32793E-05,2,ext
201,99,64000,nalu_simple_func,nalu__paperv,normal,"(-3, 3)","(3, 4)",107,sub,4.28226E+01,INF,1,ext
202,99,64000,nalu_simple_func,nalu__paperv,uniform,"(-3, 3)","(-5, -3)",108,mul,6.11377E+03,2.42133E+08,8,ext
203,99,64000,nalu_simple_func,nalu__paperm,uniform,"(-3, 3)","(-5, -3)",101,mul,1.67192E+04,1.49168E+10,8,ext
204,99,64000,nalu_simple_func,nalui1,uniform,"(-3, 3)","(-5, -3)",100,sub,1.88838E-12,2.69929E-11,0,ext
205,99,64000,nalu_simple_func,nalui1,uniform,"(-3, 3)","(-5, -3)",107,mul,5.86715E-10,6.27361E-05,0,ext
206,99,64000,nalu_simple_func,nalui1,uniform,"(-3, 3)","(-5, -3)",101,mul,3.08108E-10,3.40083E-05,0,ext
207,99,64000,nalu_simple_func,nalu__paperv,normal,"(-3, 3)","(3, 4)",107,add,3.25285E+01,NAN,1,ext
208,99,64000,nalu_simple_func,nalu__paperm,normal,"(-3, 3)","(3, 4)",102,mul,6.78617E+02,INF,2,ext
209,99,64000,nalu_simple_func,nalui2,normal,"(-3, 3)","(3, 4)",100,div,6.12783E+05,1.03740E+01,9,ext
210,99,64000,nalu_simple_func,nalu__paperm,uniform,"(-3, 3)","(-5, -3)",100,add,1.53279E+02,8.06782E+04,6,ext
211,99,64000,nalu_simple_func,nalui1,uniform,"(-3, 3)","(-5, -3)",106,div,3.95936E+02,4.65791E+00,9,ext
212,99,64000,nalu_simple_func,nalu__paperv,uniform,"(-3, 3)","(-5, -3)",100,div,7.05345E+00,6.25443E-01,7,ext
213,99,64000,nalu_simple_func,nalu__paperv,normal,"(-3, 3)","(3, 4)",100,div,2.18305E+01,1.61025E+31,2,ext
214,99,64000,nalu_simple_func,nalu__paperm,uniform,"(-3, 3)","(-5, -3)",103,mul,7.36281E+03,5.86143E+08,9,ext
215,99,64000,nalu_simple_func,nalui1,normal,"(-3, 3)","(3, 4)",103,sub,3.24620E-04,2.93152E-03,1,ext
216,99,64000,nalu_simple_func,nalui1,normal,"(-3, 3)","(3, 4)",100,mul,1.17734E-11,3.03478E-05,0,ext
217,99,64000,nalu_simple_func,nalui1,normal,"(-3, 3)","(3, 4)",104,sub,2.46621E-03,2.88113E-02,1,ext
218,99,64000,nalu_simple_func,nalui2,uniform,"(-3, 3)","(-5, -3)",108,mul,5.90898E-10,6.71415E-05,0,ext
219,99,64000,nalu_simple_func,nalu__paperv,uniform,"(-3, 3)","(-5, -3)",103,mul,1.44846E+04,5.12740E+08,9,ext
220,99,64000,nalu_simple_func,nalu__paperv,normal,"(-3, 3)","(3, 4)",103,mul,8.57688E+02,NAN,1,ext
221,99,64000,nalu_simple_func,nalui2,uniform,"(-3, 3)","(-5, -3)",108,div,2.21631E+02,3.66363E+00,9,ext
222,99,64000,nalu_simple_func,nalu__paperv,normal,"(-3, 3)","(3, 4)",103,sub,2.81102E+01,5.84811E+32,9,ext
223,99,64000,nalu_simple_func,nalui2,normal,"(-3, 3)","(3, 4)",107,mul,5.52394E-11,3.11555E-05,0,ext
224,99,64000,nalu_simple_func,nalu__paperv,normal,"(-3, 3)","(3, 4)",100,add,2.50740E+01,NAN,2,ext
225,99,64000,nalu_simple_func,nalu__paperm,uniform,"(-3, 3)","(-5, -3)",108,add,2.02815E+02,9.99092E+04,3,ext
226,99,64000,nalu_simple_func,nalu__paperm,uniform,"(-3, 3)","(-5, -3)",104,add,1.65565E+02,6.76336E+04,1,ext
227,99,64000,nalu_simple_func,nalui1,uniform,"(-3, 3)","(-5, -3)",107,div,2.19902E+02,4.14229E+00,9,ext
228,99,64000,nalu_simple_func,nalu__paperm,normal,"(-3, 3)","(3, 4)",109,div,6.39724E+01,INF,6,ext
229,99,64000,nalu_simple_func,nalui2,normal,"(-3, 3)","(3, 4)",107,sub,5.20264E-13,1.86428E-11,0,ext
230,99,64000,nalu_simple_func,nalui1,uniform,"(-3, 3)","(-5, -3)",105,add,6.78568E-13,3.01225E-10,0,ext
231,99,64000,nalu_simple_func,nalui2,normal,"(-3, 3)","(3, 4)",109,sub,4.33467E-13,2.29502E-11,0,ext
232,99,64000,nalu_simple_func,nalu__paperm,normal,"(-3, 3)","(3, 4)",109,sub,2.20380E+01,1.49612E+23,8,ext
233,99,64000,nalu_simple_func,nalu__paperv,normal,"(-3, 3)","(3, 4)",100,mul,5.32530E+02,1.31495E+08,2,ext
234,99,64000,nalu_simple_func,nalu__paperv,normal,"(-3, 3)","(3, 4)",105,div,5.81915E+02,INF,4,ext
235,99,64000,nalu_simple_func,nalu__paperv,normal,"(-3, 3)","(3, 4)",103,add,1.58008E+00,NAN,1,ext
236,99,64000,nalu_simple_func,nalu__paperm,uniform,"(-3, 3)","(-5, -3)",100,mul,2.15742E+04,4.46505E+08,3,ext
237,99,64000,nalu_simple_func,nalu__paperv,uniform,"(-3, 3)","(-5, -3)",104,add,2.68842E+02,9.02886E+04,9,ext
238,99,64000,nalu_simple_func,nalu__paperm,normal,"(-3, 3)","(3, 4)",100,add,3.17988E+01,NAN,1,ext
239,99,64000,nalu_simple_func,nalui1,uniform,"(-3, 3)","(-5, -3)",107,sub,1.43818E-12,4.19650E-11,0,ext
240,99,64000,nalu_simple_func,nalui2,normal,"(-3, 3)","(3, 4)",106,mul,1.98927E-11,3.20917E-05,0,ext
241,99,64000,nalu_simple_func,nalu__paperv,normal,"(-3, 3)","(3, 4)",101,mul,5.00202E+02,NAN,2,ext
242,99,64000,nalu_simple_func,nalui1,uniform,"(-3, 3)","(-5, -3)",103,add,1.67266E-12,3.51385E-10,0,ext
243,99,64000,nalu_simple_func,nalu__paperm,normal,"(-3, 3)","(3, 4)",103,add,1.04938E+01,NAN,1,ext
244,99,64000,nalu_simple_func,nalui1,normal,"(-3, 3)","(3, 4)",102,sub,7.00523E-13,2.01662E-11,0,ext
245,99,64000,nalu_simple_func,nalui2,normal,"(-3, 3)","(3, 4)",102,div,2.71065E+02,8.83567E-01,9,ext
246,99,64000,nalu_simple_func,nalui2,normal,"(-3, 3)","(3, 4)",100,sub,1.10685E+00,2.86797E+02,0,ext
247,99,64000,nalu_simple_func,nalui1,normal,"(-3, 3)","(3, 4)",106,div,7.92963E+03,7.22893E+09,9,ext
248,99,64000,nalu_simple_func,nalui2,uniform,"(-3, 3)","(-5, -3)",109,div,1.28054E+02,5.51391E+00,9,ext
249,99,64000,nalu_simple_func,nalui1,normal,"(-3, 3)","(3, 4)",103,div,1.40635E+02,2.24704E+02,9,ext
250,99,64000,nalu_simple_func,nalui2,normal,"(-3, 3)","(3, 4)",105,mul,4.39246E-11,4.84421E-05,0,ext
251,99,64000,nalu_simple_func,nalui1,normal,"(-3, 3)","(3, 4)",106,add,4.67907E-13,1.16772E-10,0,ext
252,99,64000,nalu_simple_func,nalu__paperv,normal,"(-3, 3)","(3, 4)",105,add,1.91187E+01,NAN,2,ext
253,99,64000,nalu_simple_func,nalu__paperv,uniform,"(-3, 3)","(-5, -3)",104,div,8.63760E+01,5.31568E+00,4,ext
254,99,64000,nalu_simple_func,nalui2,normal,"(-3, 3)","(3, 4)",105,div,9.80763E+01,3.78755E+00,9,ext
255,99,64000,nalu_simple_func,nalu__paperm,uniform,"(-3, 3)","(-5, -3)",102,add,2.03383E+02,6.76502E+04,9,ext
256,99,64000,nalu_simple_func,nalui2,normal,"(-3, 3)","(3, 4)",104,mul,2.43506E-11,3.08780E-05,0,ext
257,99,64000,nalu_simple_func,nalui1,normal,"(-3, 3)","(3, 4)",103,add,5.93903E-13,8.94433E-11,0,ext
258,99,64000,nalu_simple_func,nalu__paperm,normal,"(-3, 3)","(3, 4)",100,div,5.78112E+03,5.19005E+30,1,ext
259,99,64000,nalu_simple_func,nalu__paperv,uniform,"(-3, 3)","(-5, -3)",107,add,2.00048E+02,7.84642E+04,9,ext
260,99,64000,nalu_simple_func,nalu__paperm,uniform,"(-3, 3)","(-5, -3)",101,sub,2.76217E+02,NAN,5,ext
261,99,64000,nalu_simple_func,nalu__paperv,normal,"(-3, 3)","(3, 4)",106,div,2.06739E+04,1.80243E+02,3,ext
262,99,64000,nalu_simple_func,nalu__paperv,normal,"(-3, 3)","(3, 4)",103,div,1.32968E+03,INF,3,ext
263,99,64000,nalu_simple_func,nalui2,normal,"(-3, 3)","(3, 4)",101,div,2.58815E+01,7.32029E+00,9,ext
264,99,64000,nalu_simple_func,nalu__paperm,uniform,"(-3, 3)","(-5, -3)",106,div,3.86062E+02,1.26122E+00,1,ext
265,99,64000,nalu_simple_func,nalui2,normal,"(-3, 3)","(3, 4)",103,add,7.21674E-01,1.62339E+03,0,ext
266,99,64000,nalu_simple_func,nalui2,uniform,"(-3, 3)","(-5, -3)",105,add,1.00227E-02,1.14676E-02,1,ext
267,99,64000,nalu_simple_func,nalu__paperm,normal,"(-3, 3)","(3, 4)",103,mul,1.72281E+03,5.70302E+05,1,ext
268,99,64000,nalu_simple_func,nalu__paperv,uniform,"(-3, 3)","(-5, -3)",101,add,1.98141E+02,6.58867E+04,9,ext
269,99,64000,nalu_simple_func,nalu__paperm,uniform,"(-3, 3)","(-5, -3)",109,div,7.71407E+02,2.93331E+00,3,ext
270,99,64000,nalu_simple_func,nalui2,normal,"(-3, 3)","(3, 4)",108,div,2.35356E+03,2.48572E+00,9,ext
271,99,64000,nalu_simple_func,nalu__paperm,uniform,"(-3, 3)","(-5, -3)",108,sub,1.85310E+02,1.74506E+04,6,ext
272,99,64000,nalu_simple_func,nalui2,uniform,"(-3, 3)","(-5, -3)",101,mul,4.38865E-10,6.80845E-05,0,ext
273,99,64000,nalu_simple_func,nalu__paperv,uniform,"(-3, 3)","(-5, -3)",109,mul,9.24114E+03,7.90758E+26,8,ext
274,99,64000,nalu_simple_func,nalui1,uniform,"(-3, 3)","(-5, -3)",109,mul,4.05791E-10,5.76297E-05,0,ext
275,99,64000,nalu_simple_func,nalui2,uniform,"(-3, 3)","(-5, -3)",104,div,8.18358E+01,2.93692E+02,9,ext
276,99,64000,nalu_simple_func,nalui2,uniform,"(-3, 3)","(-5, -3)",104,mul,5.17691E-10,6.25238E-05,0,ext
277,99,64000,nalu_simple_func,nalu__paperm,normal,"(-3, 3)","(3, 4)",105,mul,NAN,NAN,1,ext
278,99,64000,nalu_simple_func,nalu__paperm,normal,"(-3, 3)","(3, 4)",104,add,8.81091E+00,NAN,1,ext
279,99,64000,nalu_simple_func,nalui1,uniform,"(-3, 3)","(-5, -3)",105,sub,1.83634E-12,3.96467E-11,0,ext
280,99,64000,nalu_simple_func,nalui1,normal,"(-3, 3)","(3, 4)",107,mul,3.02259E-11,4.30425E-05,0,ext
281,99,64000,nalu_simple_func,nalui1,uniform,"(-3, 3)","(-5, -3)",102,div,4.09321E+01,5.81582E-02,9,ext
282,99,64000,nalu_simple_func,nalui1,normal,"(-3, 3)","(3, 4)",100,div,1.42731E+04,2.42781E+03,9,ext
283,99,64000,nalu_simple_func,nalui1,normal,"(-3, 3)","(3, 4)",105,add,4.96815E-13,1.09914E-10,0,ext
284,99,64000,nalu_simple_func,nalui2,uniform,"(-3, 3)","(-5, -3)",103,add,1.37093E-12,2.05786E-10,0,ext
285,99,64000,nalu_simple_func,nalui1,normal,"(-3, 3)","(3, 4)",109,div,7.61846E+01,2.04851E+04,9,ext
286,99,64000,nalu_simple_func,nalui1,uniform,"(-3, 3)","(-5, -3)",100,mul,4.10307E-10,7.04839E-05,0,ext
287,99,64000,nalu_simple_func,nalu__paperm,uniform,"(-3, 3)","(-5, -3)",105,add,2.24316E+02,9.73721E+04,3,ext
288,99,64000,nalu_simple_func,nalu__paperm,normal,"(-3, 3)","(3, 4)",106,add,2.55343E+01,INF,1,ext
289,99,64000,nalu_simple_func,nalui2,uniform,"(-3, 3)","(-5, -3)",102,div,2.77718E+01,7.95253E-01,9,ext
290,99,64000,nalu_simple_func,nalui2,uniform,"(-3, 3)","(-5, -3)",108,sub,2.03550E-12,3.49082E-11,0,ext
291,99,64000,nalu_simple_func,nalui1,uniform,"(-3, 3)","(-5, -3)",108,div,9.84446E+03,3.70195E-01,9,ext
292,99,64000,nalu_simple_func,nalui1,normal,"(-3, 3)","(3, 4)",102,mul,6.40230E-11,6.11943E-05,0,ext
293,99,64000,nalu_simple_func,nalu__paperv,uniform,"(-3, 3)","(-5, -3)",108,sub,1.63105E+02,8.87793E+03,7,ext
294,99,64000,nalu_simple_func,nalui2,normal,"(-3, 3)","(3, 4)",102,sub,3.82024E-13,2.03618E-11,0,ext
295,99,64000,nalu_simple_func,nalui2,uniform,"(-3, 3)","(-5, -3)",106,add,2.15779E-12,2.53422E-10,0,ext
296,99,64000,nalu_simple_func,nalu__paperm,normal,"(-3, 3)","(3, 4)",100,sub,2.23249E+01,INF,6,ext
297,99,64000,nalu_simple_func,nalu__paperv,uniform,"(-3, 3)","(-5, -3)",109,add,1.81826E+04,8.46587E+04,7,ext
298,99,64000,nalu_simple_func,nalui2,normal,"(-3, 3)","(3, 4)",108,mul,1.43509E-11,3.63394E-05,0,ext
299,99,64000,nalu_simple_func,nalui1,uniform,"(-3, 3)","(-5, -3)",106,mul,2.63888E-10,7.40343E-05,0,ext
300,99,64000,nalu_simple_func,nalu__paperv,uniform,"(-3, 3)","(-5, -3)",101,sub,1.97858E+02,1.16218E+04,9,ext
301,99,64000,nalu_simple_func,nalui1,uniform,"(-3, 3)","(-5, -3)",109,div,1.64735E+04,5.97588E+00,9,ext
302,99,64000,nalu_simple_func,nalu__paperv,normal,"(-3, 3)","(3, 4)",102,add,1.78168E+01,NAN,1,ext
303,99,64000,nalu_simple_func,nalui2,normal,"(-3, 3)","(3, 4)",106,sub,7.12123E-01,9.73845E+02,0,ext
304,99,64000,nalu_simple_func,nalui2,normal,"(-3, 3)","(3, 4)",100,mul,6.31137E-11,3.64519E-05,0,ext
305,99,64000,nalu_simple_func,nalui1,normal,"(-3, 3)","(3, 4)",107,add,3.93300E-13,9.18044E-11,0,ext
306,99,64000,nalu_simple_func,nalui2,normal,"(-3, 3)","(3, 4)",106,add,5.23998E-13,2.31987E-10,0,ext
307,99,64000,nalu_simple_func,nalu__paperm,normal,"(-3, 3)","(3, 4)",102,sub,4.90346E+01,INF,7,ext
308,99,64000,nalu_simple_func,nalui1,normal,"(-3, 3)","(3, 4)",108,add,5.44315E-13,3.37721E-10,0,ext
309,99,64000,nalu_simple_func,nalui2,uniform,"(-3, 3)","(-5, -3)",102,mul,2.43509E-10,3.39082E-05,0,ext
310,99,64000,nalu_simple_func,nalui1,normal,"(-3, 3)","(3, 4)",105,sub,4.65211E-13,1.85462E-11,0,ext
311,99,64000,nalu_simple_func,nalui2,uniform,"(-3, 3)","(-5, -3)",104,sub,2.21732E-03,2.54942E-10,0,ext
312,99,64000,nalu_simple_func,nalu__paperv,normal,"(-3, 3)","(3, 4)",109,div,1.06893E+03,1.16718E+08,8,ext
313,99,64000,nalu_simple_func,nalu__paperv,uniform,"(-3, 3)","(-5, -3)",109,div,5.82812E+02,2.00374E+00,4,ext
314,99,64000,nalu_simple_func,nalui1,normal,"(-3, 3)","(3, 4)",100,add,5.14672E-13,1.36781E-10,0,ext
315,99,64000,nalu_simple_func,nalui2,uniform,"(-3, 3)","(-5, -3)",101,sub,2.05175E-12,4.26173E-11,0,ext
316,99,64000,nalu_simple_func,nalu__paperv,normal,"(-3, 3)","(3, 4)",108,sub,3.50048E+01,3.91078E+14,9,ext
317,99,64000,nalu_simple_func,nalu__paperm,normal,"(-3, 3)","(3, 4)",101,add,3.52406E-02,NAN,3,ext
318,99,64000,nalu_simple_func,nalui1,uniform,"(-3, 3)","(-5, -3)",101,sub,2.16216E-12,2.69565E-11,0,ext
319,99,64000,nalu_simple_func,nalui1,uniform,"(-3, 3)","(-5, -3)",109,sub,1.07875E-12,5.34465E-11,0,ext
